{
  "topics": [
    {
      "id": 0,
      "words": [
        "cultural",
        "class",
        "taste",
        "art",
        "consumption",
        "culture",
        "social",
        "capital",
        "music",
        "distinction",
        "status",
        "aesthetic",
        "lifestyle",
        "food",
        "consumer",
        "economic",
        "work",
        "middle",
        "high",
        "form",
        "space",
        "practice",
        "production",
        "group",
        "one",
        "people",
        "field",
        "position",
        "artist",
        "good"
      ],
      "weights": [
        486.93947626673605,
        483.13480889753225,
        367.06241535752986,
        318.22565691784774,
        292.9708640270784,
        235.4247778562207,
        233.58474525565535,
        214.39194447719655,
        211.44453272114603,
        195.5648448279483,
        164.55556966156223,
        160.5108340578283,
        151.61302814291145,
        137.5969466054217,
        129.67412351997592,
        125.1503909579789,
        123.67199322438742,
        112.8624570389229,
        111.2453074089046,
        110.26843769341272,
        108.28636619183752,
        106.64846682171978,
        106.28111062889658,
        105.69957299154629,
        102.10423919172464,
        101.57175685198969,
        99.27011259483902,
        99.11598935164305,
        92.95715235202398,
        92.42812871846385
      ]
    },
    {
      "id": 1,
      "words": [
        "field",
        "social",
        "theory",
        "power",
        "practice",
        "work",
        "political",
        "one",
        "relation",
        "position",
        "capital",
        "structure",
        "concept",
        "actor",
        "state",
        "space",
        "within",
        "sociological",
        "symbolic",
        "cultural",
        "world",
        "approach",
        "habitus",
        "form",
        "struggle",
        "agent",
        "intellectual",
        "action",
        "way",
        "knowledge"
      ],
      "weights": [
        871.1098996614493,
        558.0611451423019,
        390.7917710197503,
        348.2605569633448,
        289.90111736715556,
        277.9297061167095,
        277.7907739042175,
        273.4431178735844,
        272.0209027565405,
        261.3299341837573,
        256.7426956573311,
        252.9730780144323,
        251.44653451896988,
        248.88553049376762,
        240.08030010045022,
        236.00411496568768,
        233.23216243357194,
        233.05789684026306,
        230.85010179339662,
        217.18572935880005,
        217.13506933186835,
        215.8044354953973,
        210.61838073258858,
        205.5798836955784,
        197.23409832118875,
        194.97904312986762,
        192.62294079254542,
        182.46651049248084,
        179.1078823767635,
        176.18058195696548
      ]
    },
    {
      "id": 2,
      "words": [
        "capital",
        "student",
        "school",
        "cultural",
        "class",
        "education",
        "child",
        "educational",
        "parent",
        "social",
        "family",
        "teacher",
        "higher",
        "reproduction",
        "middle",
        "resource",
        "academic",
        "status",
        "passer",
        "elite",
        "inequality",
        "system",
        "high",
        "background",
        "mobility",
        "may",
        "economic",
        "effect",
        "working",
        "skill"
      ],
      "weights": [
        509.89267230636864,
        479.6713777758329,
        478.6700589207749,
        472.89595781409184,
        444.2058408835611,
        444.19482973974135,
        381.8246986522412,
        380.28954703281306,
        288.672919201883,
        286.76101930605654,
        265.7904684825741,
        188.77994884305292,
        181.46370816260966,
        175.8153261503307,
        163.85338134348237,
        155.91527714993,
        146.83830133166182,
        143.21316864175597,
        136.66174512278238,
        135.14615588363594,
        135.11138767760065,
        130.82793135894036,
        130.68601375550418,
        128.09629786531323,
        123.92851578344187,
        122.71040696636086,
        113.45277626996202,
        112.53849800658641,
        110.09004810540894,
        110.0349363320034
      ]
    },
    {
      "id": 3,
      "words": [
        "habitus",
        "social",
        "practice",
        "body",
        "field",
        "disposition",
        "individual",
        "experience",
        "action",
        "gender",
        "structure",
        "woman",
        "way",
        "class",
        "one",
        "life",
        "people",
        "men",
        "identity",
        "within",
        "world",
        "self",
        "work",
        "violence",
        "concept",
        "sense",
        "embodied",
        "capital",
        "form",
        "time"
      ],
      "weights": [
        648.8206036035994,
        408.9348952692288,
        345.13763427509963,
        316.444209024683,
        271.51065300324865,
        271.3478066836985,
        268.9213294097556,
        237.17053488161292,
        228.23212749974275,
        225.34682644934824,
        225.00215455722295,
        222.35123458121788,
        212.94390196604292,
        208.94200379527948,
        185.57632374493284,
        179.74162319689827,
        179.49526340985426,
        176.70061549987332,
        174.68772943727078,
        170.55742404554803,
        168.26370948067643,
        165.10602176130362,
        161.8248512840789,
        161.62150101981365,
        159.57429524171377,
        157.7902559702857,
        156.08128140762216,
        149.01307843063657,
        147.02893097243725,
        146.4612570329878
      ]
    },
    {
      "id": 4,
      "words": [
        "capital",
        "social",
        "network",
        "resource",
        "group",
        "economic",
        "state",
        "cultural",
        "form",
        "community",
        "individual",
        "work",
        "worker",
        "migrant",
        "market",
        "field",
        "ethnic",
        "power",
        "symbolic",
        "one",
        "people",
        "language",
        "policy",
        "relationship",
        "access",
        "within",
        "may",
        "public",
        "society",
        "political"
      ],
      "weights": [
        592.7896648665917,
        484.1657693163627,
        258.35470021445656,
        196.75444345350735,
        172.83293178905146,
        170.61860865589483,
        169.26889626989455,
        164.48941342429396,
        157.79826474566488,
        155.14575730549444,
        147.1493140948634,
        129.1637330724183,
        118.40512766505903,
        118.0054755919135,
        109.55407510892799,
        108.91585762110661,
        108.16050864952373,
        107.76811462170848,
        107.26068061610445,
        107.03828399142114,
        105.44182141380604,
        104.23763824780576,
        103.97852786799659,
        102.85596347387495,
        102.18840613584463,
        102.14217560027181,
        99.44902531297686,
        98.81474853295944,
        96.7131742117645,
        95.61000751993159
      ]
    }
  ]
}